{
	"format_version": "1.12.0",
	"minecraft:geometry": [
		{
			"description": {
				"identifier": "geometry.01",
				"texture_width": 32,
				"texture_height": 32,
				"visible_bounds_width": 2,
				"visible_bounds_height": 3.5,
				"visible_bounds_offset": [0, 1.25, 0]
			},
			"bones": [
				{
					"name": "main",
					"pivot": [0, 29, -4],
					"cubes": [
						{"origin": [-5, 28, -5], "size": [4, 3, 1], "uv": [10, 4]},
						{"origin": [1, 28, -5], "size": [4, 3, 1], "uv": [10, 0]},
						{"origin": [2, 27, -5], "size": [2, 1, 1], "uv": [0, 2]},
						{"origin": [-4, 27, -5], "size": [2, 1, 1], "uv": [0, 0]},
						{"origin": [-1, 29, -5], "size": [2, 1, 1], "uv": [0, 9]},
						{"origin": [-5, 29, -4], "size": [1, 1, 4], "uv": [4, 13]},
						{"origin": [4, 29, -4], "size": [1, 1, 4], "uv": [4, 4]}
					]
				}
			]
		}
	]
}